uk_size,us_size,eu_size,size_category,internal_group,measurement_type,measurement_name,value_inches_min,value_inches_max,value_cm_min,value_cm_max,brand_name,style,width_group
4,5,20,Toddler,kids,A,Foot Length,4.822,5.22,12.22,13.2,Puma,Core Skate New,medium 
5,6,21,Toddler,kids,A,Foot Length,5.822,6.22,13.22,14.2,Puma,Core Skate New,medium 
6,7,22,Toddler,kids,A,Foot Length,6.822,7.22,14.22,15.2,Puma,Core Skate New,medium 
7,8,23,Toddler,kids,A,Foot Length,7.822,8.22,15.22,16.2,Puma,Core Skate New,medium 
8,9,24,Toddler,kids,A,Foot Length,8.822,9.22,16.22,17.2,Puma,Core Skate New,medium 
9,10,25,Toddler,kids,A,Foot Length,9.822,10.22,17.22,18.2,Puma,Core Skate New,medium 
10,11,26,Toddler,kids,A,Foot Length,10.822,11.22,18.22,19.2,Puma,Core Skate New,medium 
11,12,27,Toddler,kids,A,Foot Length,11.822,12.22,19.22,20.2,Puma,Core Skate New,medium 
12,13,28,Toddler,kids,A,Foot Length,12.822,13.22,20.22,21.2,Puma,Core Skate New,medium 
13,14,29,Toddler,kids,A,Foot Length,13.822,14.22,21.22,22.2,Puma,Core Skate New,medium 
14,15,30,Toddler,kids,A,Foot Length,14.822,15.22,22.22,23.2,Puma,Core Skate New,medium 
15,16,31,Toddler,kids,A,Foot Length,15.822,16.22,23.22,24.2,Puma,Core Skate New,medium 
16,17,32,Toddler,kids,A,Foot Length,16.822,17.22,24.22,25.2,Puma,Core Skate New,medium 
17,18,33,Toddler,kids,A,Foot Length,17.822,18.22,25.22,26.2,Puma,Core Skate New,medium 
18,19,34,Toddler,kids,A,Foot Length,18.822,19.22,26.22,27.2,Puma,Core Skate New,medium 
19,20,35,Toddler,kids,A,Foot Length,19.822,20.22,27.22,28.2,Puma,Core Skate New,medium 
20,21,36,Toddler,kids,A,Foot Length,20.822,21.22,28.22,29.2,Puma,Core Skate New,medium 
21,22,37,Toddler,kids,A,Foot Length,21.822,22.22,29.22,30.2,Puma,Core Skate New,medium 
22,23,38,Toddler,kids,A,Foot Length,22.822,23.22,30.22,31.2,Puma,Core Skate New,medium 
23,24,39,Toddler,kids,A,Foot Length,23.822,24.22,31.22,32.2,Puma,Core Skate New,medium 
24,25,40,Toddler,kids,A,Foot Length,24.822,25.22,32.22,33.2,Puma,Core Skate New,medium 
25,26,41,Toddler,kids,A,Foot Length,25.822,26.22,33.22,34.2,Puma,Core Skate New,medium 
26,27,42,Toddler,kids,A,Foot Length,26.822,27.22,34.22,35.2,Puma,Core Skate New,medium 
27,28,43,Toddler,kids,A,Foot Length,27.822,28.22,35.22,36.2,Puma,Core Skate New,medium 
28,29,44,Toddler,kids,A,Foot Length,28.822,29.22,36.22,37.2,Puma,Core Skate New,medium 
29,30,45,Toddler,kids,A,Foot Length,29.822,30.22,37.22,38.2,Puma,Core Skate New,medium 
30,31,46,Toddler,kids,A,Foot Length,30.822,31.22,38.22,39.2,Puma,Core Skate New,medium 
31,32,47,Toddler,kids,A,Foot Length,31.822,32.22,39.22,40.2,Puma,Core Skate New,medium 
32,33,48,Toddler,kids,A,Foot Length,32.822,33.22,40.22,41.2,Puma,Core Skate New,medium 
33,34,49,Toddler,kids,A,Foot Length,33.822,34.22,41.22,42.2,Puma,Core Skate New,medium 
34,35,50,Toddler,kids,A,Foot Length,34.822,35.22,42.22,43.2,Puma,Core Skate New,medium 
35,36,51,Toddler,kids,A,Foot Length,35.822,36.22,43.22,44.2,Puma,Core Skate New,medium 
36,37,52,Toddler,kids,A,Foot Length,36.822,37.22,44.22,45.2,Puma,Core Skate New,medium 
37,38,53,Toddler,kids,A,Foot Length,37.822,38.22,45.22,46.2,Puma,Core Skate New,medium 
38,39,54,Toddler,kids,A,Foot Length,38.822,39.22,46.22,47.2,Puma,Core Skate New,medium 
39,40,55,Toddler,kids,A,Foot Length,39.822,40.22,47.22,48.2,Puma,Core Skate New,medium 
40,41,56,Toddler,kids,A,Foot Length,40.822,41.22,48.22,49.2,Puma,Core Skate New,medium 
41,42,57,Toddler,kids,A,Foot Length,41.822,42.22,49.22,50.2,Puma,Core Skate New,medium 
42,43,58,Toddler,kids,A,Foot Length,42.822,43.22,50.22,51.2,Puma,Core Skate New,medium 
43,44,59,Toddler,kids,A,Foot Length,43.822,44.22,51.22,52.2,Puma,Core Skate New,medium 
44,45,60,Toddler,kids,A,Foot Length,44.822,45.22,52.22,53.2,Puma,Core Skate New,medium 
45,46,61,Toddler,kids,A,Foot Length,45.822,46.22,53.22,54.2,Puma,Core Skate New,medium 
46,47,62,Toddler,kids,A,Foot Length,46.822,47.22,54.22,55.2,Puma,Core Skate New,medium 
47,48,63,Toddler,kids,A,Foot Length,47.822,48.22,55.22,56.2,Puma,Core Skate New,medium 
48,49,64,Toddler,kids,A,Foot Length,48.822,49.22,56.22,57.2,Puma,Core Skate New,medium 
49,50,65,Toddler,kids,A,Foot Length,49.822,50.22,57.22,58.2,Puma,Core Skate New,medium 
50,51,66,Toddler,kids,A,Foot Length,50.822,51.22,58.22,59.2,Puma,Core Skate New,medium 
51,52,67,Toddler,kids,A,Foot Length,51.822,52.22,59.22,60.2,Puma,Core Skate New,medium 
52,53,68,Toddler,kids,A,Foot Length,52.822,53.22,60.22,61.2,Puma,Core Skate New,medium 
53,54,69,Toddler,kids,A,Foot Length,53.822,54.22,61.22,62.2,Puma,Core Skate New,medium 
54,55,70,Toddler,kids,A,Foot Length,54.822,55.22,62.22,63.2,Puma,Core Skate New,medium 
55,56,71,Toddler,kids,A,Foot Length,55.822,56.22,63.22,64.2,Puma,Core Skate New,medium 
