Handle,Title,Body (HTML),Vendor,Product Category,Type,Tags,Published,Option1 Name,Option1 Value,Option1 Linked To,Option2 Name,Option2 Value,Option2 Linked To,Option3 Name,Option3 Value,Option3 Linked To,Variant SKU,Variant Grams,Variant Inventory Tracker,Variant Inventory Policy,Variant Fulfillment Service,Variant Price,Variant Compare At Price,Variant Requires Shipping,Variant Taxable,Unit Price Total Measure,Unit Price Total Measure Unit,Unit Price Base Measure,Unit Price Base Measure Unit,Variant Barcode,Image Src,Image Position,Image Alt Text,Gift Card,SEO Title,SEO Description,Google Shopping / Google Product Category,Google Shopping / Gender,Google Shopping / Age Group,Google Shopping / MPN,Google Shopping / Condition,Google Shopping / Custom Product,Google Shopping / Custom Label 0,Google Shopping / Custom Label 1,Google Shopping / Custom Label 2,Google Shopping / Custom Label 3,Google Shopping / Custom Label 4,Absorbancy (product.metafields.custom.absorbancy),Accessories (product.metafields.custom.accessories),Brand (product.metafields.custom.brand),Sensory Type (product.metafields.custom.chew_type),Closure Type (product.metafields.custom.closure_type),Colour / Pattern (product.metafields.custom.colour_pattern),Compression (product.metafields.custom.compression),Length (product.metafields.custom.length),Material (product.metafields.custom.material),Price (product.metafields.custom.price),Shoe Style (product.metafields.custom.shoe_style),Shoe Type (product.metafields.custom.shoe_type),Shoe Fit (product.metafields.custom.shoe_width),Size / Age (product.metafields.custom.size_age),Sleeve Length (product.metafields.custom.sleeve_length),Style (product.metafields.custom.style),Type (product.metafields.custom.type),Zipper (product.metafields.custom.zipper),Google: Custom Product (product.metafields.mm-google-shopping.custom_product),Age group (product.metafields.shopify.age-group),Closure type (product.metafields.shopify.closure-type),Color (product.metafields.shopify.color-pattern),Footwear material (product.metafields.shopify.footwear-material),Occasion style (product.metafields.shopify.occasion-style),Shoe features (product.metafields.shopify.shoe-features),Shoe fit (product.metafields.shopify.shoe-fit),Shoe size (product.metafields.shopify.shoe-size),Target gender (product.metafields.shopify.target-gender),Toe style (product.metafields.shopify.toe-style),Complementary products (product.metafields.shopify--discovery--product_recommendation.complementary_products),Related products (product.metafields.shopify--discovery--product_recommendation.related_products),Related products settings (product.metafields.shopify--discovery--product_recommendation.related_products_display),Search product boosts (product.metafields.shopify--discovery--product_search_boost.queries),Variant Image,Variant Weight Unit,Variant Tax Code,Cost per item,Status
billy-footwear-kids-cs-high-top-canvas-black-to-the-floor-clearance-copy,Billy Footwear (Kids)  - CS High Top - Canvas / Black to the Floor - CLEARANCE,"<p><span class=""s1"">Inspired by a core-skate look, the Black to the Floor CS Sneaker High Tops are sure to deliver. These trending kicks embrace nostalgia, yet remain true to current style. Coming with functional laces for a custom fit, removable insoles for added depth, and a wraparound zipper for unmatched convenience, you’re going to feel good when you<span> </span></span><em><span class=""s2"">Step In!</span></em></p>
<p>Billy Footwear is both fun and fashionable, and these classic low-top zipper shoes feature a traditional lace-up closure that is perfect for kids and is easy to wipe clean too!</p>
<p>Billy Shoes are suitable for everyday use! They boast strong, flexible outsoles and removable cushioned footbed inserts that offer young children comfort and support all day long.</p>
<p><a href=""https://cdn.shopify.com/s/files/1/0704/6234/1412/files/BILLY_Footwear_Complete_Sizing_Chart_V17_Apr23.pdf?v=1682330623"">Full Size Chart of Billy Range</a></p>
<!--Start tab labels-->
<ul class=""tabs"">
<li><a href=""#tab1"" class=""active"">Features</a></li>
<li><a href=""#tab2"">Composition</a></li>
<li><a href=""#tab3"">Care Instructions</a></li>
</ul>
<!--Start tab content-->
<ul class=""tabs-content"">
<!-- Tab 1 -->
<li id=""tab1"" class=""active"">
<ol>
<li type=""disc"">FlipTop Technology with a wrap-around zipper closure</li>
<li type=""disc"">Simply Flip, Zip and Go - quick and simple to put on and to take off!</li>
<li type=""disc"">Strong, flexible and comfortable - ideal for everyday use</li>
<li type=""disc"">Interchangeable cushioned footbed inserts</li>
<li type=""disc"">Modern natural finish</li>
<li type=""disc"">Highly functional and adaptive footwear</li>
<li type=""disc"">Ideal for toddlers with special needs or mobility problems</li>
</ol>
</li>
<!-- Tab 2 -->
<li id=""tab2"">
<ol>
<li type=""disc"">Upper: Canvas</li>
<li type=""disc"">Inner: Lightweight Canvas</li>
<li type=""disc"">Outsole: Rubber</li>
<li type=""disc"">Laces: Cotton-blend</li>
</ol>
</li>
<!-- Tab 3 -->
<li id=""tab3"">
<ol>
<li type=""disc"">Simply wipe clean</li>
</ol>
</li>
</ul>",Billy Footwear,Apparel & Accessories > Shoes,Shoes,"billy, Billy Footwear, Billy Footwear Adaptive Shoes for Kids, FW24, Kids Shoes, shoes, Special Needs Shoes for Kids",false,Style,Standard,,Size,UK 1 - Little Kid,,,,,BF_BK22342-001-2,678.0,shopify,deny,manual,48.76,60.95,true,false,,,,,"",https://cdn.shopify.com/s/files/1/0909/1354/files/Untitleddesign_78.png?v=1753703229,1,"",false,Billy Footwear Kids - Green/White Watercolour Core Skate Canvas Shoes | SpecialKids.Company,"Shop Billy Footwear Kids Green/White Watercolour Skate Shoes from SpecialKids.Company, official stockists for Billy Footwear, specialising in adaptive shoes for special needs children.",,,,,,,,,,,,,,Billy Footwear,,Full-Wrap,Print,,,Canvas,,CS Core Skate,High Top,"Standard
Wide",Kids UK 10 - 5,,"High Top
Core Skate",Shoes,Full Wrap,,kids,zipper; lace-up,black,canvas; rubber,casual,lightweight; cushioned,,,unisex,round,,,,,https://cdn.shopify.com/s/files/1/0909/1354/files/Untitleddesign_78.png?v=1753703229,g,,,archived
billy-footwear-kids-cs-high-top-canvas-black-to-the-floor-clearance-copy,,,,,,,,,,,,,,,,,,,,,,,,,,,,,,,https://cdn.shopify.com/s/files/1/0909/1354/files/BK24170-001_Top_2048x2048_c029d4c8-30b2-43df-a445-7b9be1a4e41c.webp?v=1753703326,2,"",,,,,,,,,,,,,,,,,,,,,,,,,,,,,,,,,,,,,,,,,,,,,,,,,,,,
billy-footwear-kids-cs-high-top-canvas-black-to-the-floor-clearance-copy,,,,,,,,,,,,,,,,,,,,,,,,,,,,,,,https://cdn.shopify.com/s/files/1/0909/1354/files/BK24170-001_Open_2048x2048_81513204-8f29-45a5-98bd-f23d3d91d946.webp?v=1753703330,3,"",,,,,,,,,,,,,,,,,,,,,,,,,,,,,,,,,,,,,,,,,,,,,,,,,,,,
billy-footwear-kids-cs-high-top-canvas-black-to-the-floor-clearance-copy,,,,,,,,,,,,,,,,,,,,,,,,,,,,,,,https://cdn.shopify.com/s/files/1/0909/1354/files/BK24170-001_insert_2048x2048_a8a9fdc2-951e-4fbf-81db-e4350b3fb686.webp?v=1753703339,4,"",,,,,,,,,,,,,,,,,,,,,,,,,,,,,,,,,,,,,,,,,,,,,,,,,,,,
billy-footwear-kids-dr-ii-fit-short-wrap-high-top-black-to-the-floor-canvas-shoes-copy,Billy Footwear (Kids) WDR II Fit - Short Wrap High Top Black To The Floor Canvas Shoes - CLEARANCE,"<p>BILLY FOOTWEAR D|R FIT - SHORT WRAP HIGH TOP BLACK TO THE FLOOR</p>
<p>They are highly adaptive for kids with special needs or mobility problems and feature FlipTop Technology that houses a wrap-around zipper closure to make stepping in and out of the shoes a fast and simple process.</p>
<p>Billy High Top Canvas Shoes are durable and are made to last. They have flexible outsoles and cushioned footbed inserts that are easy to remove.</p>
<p>This range of special needs adaptive footwear provides little ones with support, comfort, and flexibility.</p>
<p>Available in UK shoe sizes 10-5 (Kids).</p>
<p><a href=""https://cdn.shopify.com/s/files/1/0704/6234/1412/files/BILLY_Footwear_Complete_Sizing_Chart_V17_Apr23.pdf?v=1682330623"">Full Size Chart of Billy Range</a></p>
<!--Start tab labels-->
<ul class=""tabs"">
<li><a class=""active"" href=""#tab1"">Features</a></li>
<li><a href=""#tab2"">Composition</a></li>
<li><a href=""#tab3"">Care Instructions</a></li>
</ul>
<!--Start tab content-->
<ul class=""tabs-content"">
<!-- Tab 1 -->
<li class=""active"" id=""tab1"">
<ol>
<li type=""disc"">FlipTop Technology with a wrap-around zipper closure</li>
<li type=""disc"">Easy to put on, easy to take off!</li>
<li type=""disc"">Durable, flexible and comfortable</li>
<li type=""disc"">Removable cushioned footbed inserts</li>
<li type=""disc"">Fun modern design</li>
<li type=""disc"">Highly functional and adaptive footwear</li>
<li type=""disc"">Ideal for kids with special needs or mobility problems</li>
</ol>
</li>
<!-- Tab 2 -->
<li id=""tab2"">
<ol>
<li type=""disc"">Upper: Printed Canvas</li>
<li type=""disc"">Inner: Lightweight Canvas</li>
<li type=""disc"">Outsole: Rubber</li>
<li type=""disc"">Laces: Cotton-blend</li>
<li type=""disc"">Removable inserts</li>
</ol>
</li>
<!-- Tab 3 -->
<li id=""tab3"">
<ol>
<li type=""disc"">Simply wipe clean</li>
</ol>
</li>
</ul>",Billy Footwear,Apparel & Accessories > Shoes,Shoes,"2023, Billy Footwear, Boys Shoes, Clearance, Girls shoes, Kids Shoes, Seasonal, shoes",false,Width,WDR II (Wide),,Size,UK 12 - Kids,,Color,Black,,BF_BK23155-001-W-13,684.0,shopify,deny,manual,37.17,61.95,true,false,,,,,'197099003569,https://cdn.shopify.com/s/files/1/0909/1354/files/1_92a2f132-b7e1-4b30-aff6-025852244840.png?v=1735651507,1,"",false,Billy Footwear (Kids) - Short Wrap High Top Black Canvas Shoes | SpecialKids.Company,"Shop Billy Footwear Kids Unisex Short Wrap High Top Black To The Floor Canvas Shoes from SpecialKids.Company, official stockists for Billy Footwear, specialising in adaptive shoes for special needs children.",,,,,,,,,,,,,,Billy Footwear,,Short-Wrap,Solid Colour,,,Canvas,,D|R,High Top,"MDR (Medium)
WDR (Wide)
XDR (Extra-Wide)",Kids UK 10 - 5,,High Top,Shoes,Short Wrap,,,,,,,,,,,,,,,,https://cdn.shopify.com/s/files/1/0909/1354/files/1_92a2f132-b7e1-4b30-aff6-025852244840.png?v=1735651507,g,,,archived
billy-footwear-kids-dr-ii-fit-short-wrap-high-top-black-to-the-floor-canvas-shoes-copy,,,,,,,,,,,,,,,,,,,,,,,,,,,,,,,https://cdn.shopify.com/s/files/1/0909/1354/files/bk23155-001-w_top_940x614_52505062038_o.webp?v=1753705999,2,"",,,,,,,,,,,,,,,,,,,,,,,,,,,,,,,,,,,,,,,,,,,,,,,,,,,,
billy-footwear-kids-dr-ii-fit-short-wrap-high-top-black-to-the-floor-canvas-shoes-copy,,,,,,,,,,,,,,,,,,,,,,,,,,,,,,,https://cdn.shopify.com/s/files/1/0909/1354/files/bk23155-001-w_open_940x614_52504777419_o.jpg?v=1753705999,3,"",,,,,,,,,,,,,,,,,,,,,,,,,,,,,,,,,,,,,,,,,,,,,,,,,,,,
billy-footwear-kids-dr-ii-fit-short-wrap-high-top-black-to-the-floor-canvas-shoes-copy,,,,,,,,,,,,,,,,,,,,,,,,,,,,,,,https://cdn.shopify.com/s/files/1/0909/1354/files/bk23155-001-w_bottom_940x614_52504015322_o.webp?v=1753705999,4,"",,,,,,,,,,,,,,,,,,,,,,,,,,,,,,,,,,,,,,,,,,,,,,,,,,,,
billy-footwear-kids-dr-ii-fit-short-wrap-high-top-black-to-the-floor-canvas-shoes-copy,,,,,,,,,,,,,,,,,,,,,,,,,,,,,,,https://cdn.shopify.com/s/files/1/0909/1354/files/BK23155-001-W_insert_940x614_d995cc7c-a04e-45e5-bda5-936b7ca481ad.webp?v=1753705999,5,"",,,,,,,,,,,,,,,,,,,,,,,,,,,,,,,,,,,,,,,,,,,,,,,,,,,,
billy-footwear-kids-dr-ii-fit-short-wrap-high-top-black-to-the-floor-canvas-shoes-copy,,,,,,,,,,,,,,,,,,,,,,,,,,,,,,,https://cdn.shopify.com/s/files/1/0909/1354/files/BK23155-001-W_studio_standing_1_940x614_c7c2ea1a-9fb4-4275-a803-fee96941f2d7.webp?v=1753705999,6,"",,,,,,,,,,,,,,,,,,,,,,,,,,,,,,,,,,,,,,,,,,,,,,,,,,,,
