brand_id,brand_name,collection,category,width_label,us_size,eu_size,uk_size,length_a,footbed_b,footbed_w_c,ball_circ_d,ankle_circ_e
1,Billy,Main,Women,Medium,6,36-37,4,23.2,20.3,21.3,25.4,27.3
1,Billy,Main,Women,Wide,6,36-37,4,23.2,20.3,21.3,25.7,27.6
1,Billy,Main,Women,Medium,7,37-38,5,24.0,21.0,22.0,26.0,28.0
1,Billy,Main,Men,Medium,7,40,6.5,24.8,24.8,25.4,24.8,29.2
1,Billy,Main,Men,Wide,8,41,7.5,25.6,25.2,26.0,26.2,30.0
1,Billy,Main,Kids,Medium,5,20,4 Toddler,12.2,15.2,15.2,15.2,18.4
1,Billy,Main,Kids,Medium,6,22,5 Toddler,13.2,15.9,15.9,15.9,19.4
2,Friendly Shoes,Main,Kids,Medium,10,28,10,17.1,19.0,19.0,19.0,19.4
2,Friendly Shoes,Main,Kids,Medium,11,29,11,18.0,18.6,18.6,18.6,20.0
2,Friendly Shoes,Main,Women,Extra Wide,7,38,5,24.3,22.1,23.0,27.8,29.5
