uk_size,us_size,eu_size,size_category,internal_group,measurement_type,measurement_name,value_inches_min,value_inches_max,value_cm_min,value_cm_max,brand_name,style,width_group
4,5,20,Toddler,kids,A,Foot Length,4.8125,5.1875,12.2,13.2,BILLY Footwear,Classic Lace High Tops,wide
4,5,20,Toddler,kids,A,Foot Length,4.8125,5.1875,12.2,13.2,BILLY Footwear,Comfort,extra_wide
4,5,20,Toddler,kids,A,Foot Length,4.8125,5.1875,12.2,13.2,Friendly Shoes,Inclusion,medium
4,5,20,Toddler,kids,A,Foot Length,4.8125,5.1875,12.2,13.2,Friendly Shoes,Lace Low Tops,wide
4,5,20,Toddler,kids,A,Foot Length,4.8125,5.1875,12.2,13.2,Friendly Shoes,Lace High Tops,extra_wide
4,5,20,Toddler,kids,D,Ball Circumference,6,6.25,15.2,15.9,BILLY Footwear,Slip On,medium
4,5,20,Toddler,kids,D,Ball Circumference,6,6.25,15.2,15.9,BILLY Footwear,Sandals,wide
4,5,20,Toddler,kids,D,Ball Circumference,6,6.25,15.2,15.9,BILLY Footwear,Boots,extra_wide
4,5,20,Toddler,kids,D,Ball Circumference,6,6.25,15.2,15.9,Friendly Shoes,Core Skate,medium
4,5,20,Toddler,kids,D,Ball Circumference,6,6.25,15.2,15.9,Friendly Shoes,Classic Lace High Tops,wide
4,5,20,Toddler,kids,D,Ball Circumference,6,6.25,15.2,15.9,Friendly Shoes,Comfort,extra_wide
4,5,20,Toddler,kids,E (Instep),Instep Circumference,7.125,7.25,18.1,18.4,BILLY Footwear,Inclusion,medium
4,5,20,Toddler,kids,E (Instep),Instep Circumference,7.125,7.25,18.1,18.4,BILLY Footwear,Lace Low Tops,wide
4,5,20,Toddler,kids,E (Instep),Instep Circumference,7.125,7.25,18.1,18.4,BILLY Footwear,Lace High Tops,extra_wide
4,5,20,Toddler,kids,E (Instep),Instep Circumference,7.125,7.25,18.1,18.4,Friendly Shoes,Slip On,medium
4,5,20,Toddler,kids,E (Instep),Instep Circumference,7.125,7.25,18.1,18.4,Friendly Shoes,Sandals,wide
4,5,20,Toddler,kids,E (Instep),Instep Circumference,7.125,7.25,18.1,18.4,Friendly Shoes,Boots,extra_wide
4,5,20,Toddler,kids,E (Instep),Instep Circumference,8.125,8.25,18.1,18.4,Friendly Shoes,Boots,extra_wide