uk_size,us_size,eu_size,size_category,internal_group,measurement_type,measurement_name,value_inches_min,value_inches_max,value_cm_min,value_cm_max,brand_name,style,width_group
4,5,20,Toddler,kids,A,Foot Length,4.8125,5.1875,12.2,13.2,BILLY Footwear,Core Skate,medium
4,5,20,Toddler,kids,A,Foot Length,4.8125,5.1875,12.2,13.2,BILLY Footwear,Classic Lace High Tops,wide
4,5,20,Toddler,kids,A,Foot Length,4.8125,5.1875,12.2,13.2,BILLY Footwear,Comfort,extra_wide
4,5,20,Toddler,kids,A,Foot Length,4.8125,5.1875,12.2,13.2,Friendly Shoes,Inclusion,medium
4,5,20,Toddler,kids,A,Foot Length,4.8125,5.1875,12.2,13.2,Friendly Shoes,Lace Low Tops,wide
4,5,20,Toddler,kids,A,Foot Length,4.8125,5.1875,12.2,13.2,Friendly Shoes,Lace High Tops,extra_wide
4,5,20,Toddler,kids,D,Ball Circumference,6,6.25,15.2,15.9,BILLY Footwear,Slip On,medium
4,5,20,Toddler,kids,D,Ball Circumference,6,6.25,15.2,15.9,BILLY Footwear,Sandals,wide
4,5,20,Toddler,kids,D,Ball Circumference,6,6.25,15.2,15.9,BILLY Footwear,Boots,extra_wide
4,5,20,Toddler,kids,D,Ball Circumference,6,6.25,15.2,15.9,Friendly Shoes,Core Skate,medium
4,5,20,Toddler,kids,D,Ball Circumference,6,6.25,15.2,15.9,Friendly Shoes,Classic Lace High Tops,wide
4,5,20,Toddler,kids,D,Ball Circumference,6,6.25,15.2,15.9,Friendly Shoes,Comfort,extra_wide
4,5,20,Toddler,kids,E (Instep),Instep Circumference,7.125,7.25,18.1,18.4,BILLY Footwear,Inclusion,medium
4,5,20,Toddler,kids,E (Instep),Instep Circumference,7.125,7.25,18.1,18.4,BILLY Footwear,Lace Low Tops,wide
4,5,20,Toddler,kids,E (Instep),Instep Circumference,7.125,7.25,18.1,18.4,BILLY Footwear,Lace High Tops,extra_wide
4,5,20,Toddler,kids,E (Instep),Instep Circumference,7.125,7.25,18.1,18.4,Friendly Shoes,Slip On,medium
4,5,20,Toddler,kids,E (Instep),Instep Circumference,7.125,7.25,18.1,18.4,Friendly Shoes,Sandals,wide
4,5,20,Toddler,kids,E (Instep),Instep Circumference,7.125,7.25,18.1,18.4,Friendly Shoes,Boots,extra_wide
5,6,22,Toddler,kids,A,Foot Length,5.1875,5.5625,13.2,14.1,BILLY Footwear,Core Skate,medium
5,6,22,Toddler,kids,A,Foot Length,5.1875,5.5625,13.2,14.1,BILLY Footwear,Classic Lace High Tops,wide
5,6,22,Toddler,kids,A,Foot Length,5.1875,5.5625,13.2,14.1,BILLY Footwear,Comfort,extra_wide
5,6,22,Toddler,kids,A,Foot Length,5.1875,5.5625,13.2,14.1,Friendly Shoes,Inclusion,medium
5,6,22,Toddler,kids,A,Foot Length,5.1875,5.5625,13.2,14.1,Friendly Shoes,Lace Low Tops,wide
5,6,22,Toddler,kids,A,Foot Length,5.1875,5.5625,13.2,14.1,Friendly Shoes,Lace High Tops,extra_wide
5,6,22,Toddler,kids,D,Ball Circumference,6.25,6.5,15.9,16.5,BILLY Footwear,Slip On,medium
5,6,22,Toddler,kids,D,Ball Circumference,6.25,6.5,15.9,16.5,BILLY Footwear,Sandals,wide
5,6,22,Toddler,kids,D,Ball Circumference,6.25,6.5,15.9,16.5,BILLY Footwear,Boots,extra_wide
5,6,22,Toddler,kids,D,Ball Circumference,6.25,6.5,15.9,16.5,Friendly Shoes,Core Skate,medium
5,6,22,Toddler,kids,D,Ball Circumference,6.25,6.5,15.9,16.5,Friendly Shoes,Classic Lace High Tops,wide
5,6,22,Toddler,kids,D,Ball Circumference,6.25,6.5,15.9,16.5,Friendly Shoes,Comfort,extra_wide
5,6,22,Toddler,kids,E (Instep),Instep Circumference,7.25,7.25,18.4,18.4,BILLY Footwear,Inclusion,medium
5,6,22,Toddler,kids,E (Instep),Instep Circumference,7.25,7.25,18.4,18.4,BILLY Footwear,Lace Low Tops,wide
5,6,22,Toddler,kids,E (Instep),Instep Circumference,7.25,7.25,18.4,18.4,BILLY Footwear,Lace High Tops,extra_wide
5,6,22,Toddler,kids,E (Instep),Instep Circumference,7.25,7.25,18.4,18.4,Friendly Shoes,Slip On,medium
5,6,22,Toddler,kids,E (Instep),Instep Circumference,7.25,7.25,18.4,18.4,Friendly Shoes,Sandals,wide
5,6,22,Toddler,kids,E (Instep),Instep Circumference,7.25,7.25,18.4,18.4,Friendly Shoes,Boots,extra_wide
6,7,23,Toddler,kids,A,Foot Length,5.5625,5.8125,14.1,14.8,BILLY Footwear,Core Skate,medium
6,7,23,Toddler,kids,A,Foot Length,5.5625,5.8125,14.1,14.8,BILLY Footwear,Classic Lace High Tops,wide
6,7,23,Toddler,kids,A,Foot Length,5.5625,5.8125,14.1,14.8,BILLY Footwear,Comfort,extra_wide
6,7,23,Toddler,kids,A,Foot Length,5.5625,5.8125,14.1,14.8,Friendly Shoes,Inclusion,medium
6,7,23,Toddler,kids,A,Foot Length,5.5625,5.8125,14.1,14.8,Friendly Shoes,Lace Low Tops,wide
6,7,23,Toddler,kids,A,Foot Length,5.5625,5.8125,14.1,14.8,Friendly Shoes,Lace High Tops,extra_wide
6,7,23,Toddler,kids,D,Ball Circumference,6.5,6.75,16.5,17.1,BILLY Footwear,Slip On,medium
6,7,23,Toddler,kids,D,Ball Circumference,6.5,6.75,16.5,17.1,BILLY Footwear,Sandals,wide
6,7,23,Toddler,kids,D,Ball Circumference,6.5,6.75,16.5,17.1,BILLY Footwear,Boots,extra_wide
6,7,23,Toddler,kids,D,Ball Circumference,6.5,6.75,16.5,17.1,Friendly Shoes,Core Skate,medium
6,7,23,Toddler,kids,D,Ball Circumference,6.5,6.75,16.5,17.1,Friendly Shoes,Classic Lace High Tops,wide
6,7,23,Toddler,kids,D,Ball Circumference,6.5,6.75,16.5,17.1,Friendly Shoes,Comfort,extra_wide
6,7,23,Toddler,kids,E (Instep),Instep Circumference,7.5,8,19.1,20.3,BILLY Footwear,Inclusion,medium
6,7,23,Toddler,kids,A,Foot Length,7.5,8,19.1,20.3,BILLY Footwear,Inclusion,medium
6,7,23,Toddler,kids,D,Ball Circumference,10.5,11.5,20.9,21.3,BILLY Footwear,Inclusion,medium
6,7,23,Toddler,kids,E (Instep),Instep Circumference,3.5,5.5,2.1,3.3,BILLY Footwear,Inclusion,medium
